comparison_type,exact_match_ratio,cosine_similarity,topic_overlap,key_phrase_overlap,semantic_similarity,readability_difference,sentence_length_difference
35 Blog from Summary to 4o Blog from Summary,0.6347154237761474,0.8817231812850053,0.6158333333333333,0.6347154237761474,0.976758796,2.0140000000000002,2.590258078219754
Raw Text to 4o Blog,0.15619723094391344,0.7726865833309543,0.41666666666666663,0.15619723094391344,0.9236658470000001,-3.8560000000000003,18.769902776575435
Summary to 35 Blog,0.7006103242197702,0.9225333666827866,0.715,0.7006103242197702,0.9889609594,-0.24000000000000013,2.6686791998471198
Summary to 4o Blog,0.7855682936499093,0.9028823358852637,0.7308333333333333,0.7855682936499093,0.9815755892,1.774,5.258937278066875
Summary to Raw Text,0.47865648851932646,0.749888401762031,0.5041666666666667,0.47865648851932646,0.92836664775,3.6260000000000003,-4.751228547296498
