comparison_type,exact_match_ratio,cosine_similarity,topic_overlap,key_phrase_overlap,semantic_similarity,readability_difference,sentence_length_difference
35 Blog from Summary to 4o Blog from Summary,0.6347154237761474,0.8817231812850053,0.6525,0.6347154237761474,0.976758796,2.0140000000000002,2.590258078219754
4o Sum Blo to 4o Raw Blog,0.4243491527972182,0.7873253988413507,0.555,0.4243491527972182,0.9663140413,0.8109999999999999,2.0042542019577816
Raw Text to 4o Blog,0.15619723094391344,0.7726865833309543,0.4275,0.15619723094391344,0.9236658470000001,-3.8560000000000003,18.769902776575435
Raw Text to 4o Blog from Summary,0.5329638242414347,0.7124514046827112,0.43833333333333335,0.5329638242414347,0.8904192542,6.441,-11.506711296550778
Summary to 35 Blog,0.7006103242197702,0.9225333666827866,0.755,0.7006103242197702,0.9889609594,-0.24000000000000013,2.6686791998471198
Summary to 4o Blog,0.7855682936499093,0.9028823358852637,0.7446666666666667,0.7855682936499093,0.9815755892,1.774,5.258937278066875
Summary to Raw Text,0.5329638242414347,0.7124514046827112,0.43833333333333335,0.5329638242414347,0.8904192542,6.441,-11.506711296550778
